<?xml version="1.0" encoding="utf-8"?>
<!--/932692/300761/2.49/2/5/Capacitor Polarised/-->
<quadcept_library>
  <setting unit="mil" />
  <textstyle name="Default" height="47.244094488189" strokewidth="7.8740157480315" charwidth="47.244094488189" />
  <textstyle name="Dimension" height="19.6850393700787" strokewidth="0" charwidth="19.6850393700787" />
  <textstyle name="H127W0635TH00762" height="50" strokewidth="3" charwidth="25" />
  <textstyle name="H15W15TH02" height="59.0551181102362" strokewidth="7.8740157480315" charwidth="59.0551181102362" />
  <padstyle name="r230_220" surface="True" plated="False" isvia="False" nopaste="False" nomask="True" complex="False" holesize="0">
    <padshape layer="TOP" shape="rectangle" width="86.614173228345" height="90.551181102361" />
    <padshape layer="TOP_SOLDER_MASK" shape="rectangle" width="94.488188976377" height="98.425196850392" />
    <padshape layer="TOP_SOLDER_PASTE" shape="rectangle" width="86.614173228345" height="90.551181102361" />
  </padstyle>
  <footprint name="CAPPM6032X280N" originx="0" originy="0" pickpointx="0" pickpointy="0">
    <pcbpin number="1" name="1" style="r230_220" originx="-98.425196850392" originy="0" rotation="0" />
    <pcbpin number="2" name="2" style="r230_220" originx="98.425196850392" originy="0" rotation="0" />
    <line layer="TOP_PLACE_BOUND" originx="-151.5748031496" originy="74.803149606298" endx="151.5748031496" endy="74.803149606298" width="1.9685039370079" />
    <line layer="TOP_PLACE_BOUND" originx="151.5748031496" originy="74.803149606298" endx="151.5748031496" endy="-74.803149606298" width="1.9685039370079" />
    <line layer="TOP_PLACE_BOUND" originx="151.5748031496" originy="-74.803149606298" endx="-151.5748031496" endy="-74.803149606298" width="1.9685039370079" />
    <line layer="TOP_PLACE_BOUND" originx="-151.5748031496" originy="-74.803149606298" endx="-151.5748031496" endy="74.803149606298" width="1.9685039370079" />
    <line layer="TOP_ASSEMBLY" originx="-118.11023622047" originy="62.007874015747" endx="118.11023622047" endy="62.007874015747" width="3.9370078740157" />
    <line layer="TOP_ASSEMBLY" originx="118.11023622047" originy="62.007874015747" endx="118.11023622047" endy="-62.007874015747" width="3.9370078740157" />
    <line layer="TOP_ASSEMBLY" originx="118.11023622047" originy="-62.007874015747" endx="-118.11023622047" endy="-62.007874015747" width="3.9370078740157" />
    <line layer="TOP_ASSEMBLY" originx="-118.11023622047" originy="-62.007874015747" endx="-118.11023622047" endy="62.007874015747" width="3.9370078740157" />
    <line layer="TOP_ASSEMBLY" originx="-118.11023622047" originy="18.700787401575" endx="-74.803149606298" endy="62.007874015747" width="3.9370078740157" />
    <line layer="TOP_SILKSCREEN" originx="118.11023622047" originy="62.007874015747" endx="-141.73228346457" endy="62.007874015747" width="7.8740157480314" />
    <line layer="TOP_SILKSCREEN" originx="-118.11023622047" originy="-62.007874015747" endx="118.11023622047" endy="-62.007874015747" width="7.8740157480314" />
  </footprint>
  <symbol name="TAJC226M010RNJ" originx="0" originy="0">
    <line originx="200" originy="100" endx="200" endy="-100" width="0" />
    <line originx="230" originy="-100" endx="200" endy="-100" width="0" />
    <line originx="230" originy="-100" endx="230" endy="100" width="0" />
    <line originx="200" originy="100" endx="230" endy="100" width="0" />
    <line originx="180" originy="50" endx="140" endy="50" width="0" />
    <line originx="160" originy="70" endx="160" endy="30" width="0" />
    <line originx="100" originy="0" endx="200" endy="0" width="0" />
    <line originx="300" originy="0" endx="400" endy="0" width="0" />
    <sympin number="1" originx="100" originy="0" rotation="180" length="100" width="7.8740157480315" flipped="False">
      <text name="pinname" originx="0" originy="-10" style="Default" rotation="0" justify="upperleft" flipped="False" hidden="True" data="+" />
      <text name="pindes" originx="0" originy="10" style="Default" rotation="0" justify="lowerleft" flipped="False" hidden="False" data="1" />
    </sympin>
    <sympin number="2" originx="400" originy="0" rotation="0" length="100" width="7.8740157480315" flipped="False">
      <text name="pinname" originx="500" originy="-10" style="Default" rotation="0" justify="upperright" flipped="False" hidden="True" data="-" />
      <text name="pindes" originx="500" originy="10" style="Default" rotation="0" justify="lowerright" flipped="False" hidden="False" data="2" />
    </sympin>
    <polygon type="polygon">
      <point x="300" y="100" />
      <point x="300" y="-100" />
      <point x="270" y="-100" />
      <point x="270" y="100" />
    </polygon>
  </symbol>
  <component name="TAJC226M010RNJ" designatorprefix="C" height="110.23622047244" footprint="CAPPM6032X280N">
    <comppin designator="1" sympin="1" pinswap="0" gateswap="0" gate="1" group="1" side="" type="Any" name="+" />
    <comppin designator="2" sympin="2" pinswap="0" gateswap="0" gate="1" group="1" side="" type="Any" name="-" />
    <attached_symbol gate="1" name="TAJC226M010RNJ" />
    <pinmap designator="1" footprintpin="1" />
    <pinmap designator="2" footprintpin="2" />
    <text name="Datasheet" originx="0" originy="0" style="Default" rotation="0" justify="" flipped="False" hidden="True" data="https://www.mouser.com/datasheet/2/40/taj-776811.pdf" />
    <text name="Description" originx="0" originy="0" style="Default" rotation="0" justify="" flipped="False" hidden="True" data="AVX 22uF 10 V dc Tantalum Capacitor Tantalum Solid +/-20% Tolerance TAJ Series" />
    <text name="Mouser Part Number" originx="0" originy="0" style="Default" rotation="0" justify="" flipped="False" hidden="True" data="581-TAJC226M010R" />
    <text name="Mouser Price/Stock" originx="0" originy="0" style="Default" rotation="0" justify="" flipped="False" hidden="True" data="" />
    <text name="Manufacturer_Name" originx="0" originy="0" style="Default" rotation="0" justify="" flipped="False" hidden="True" data="AVX" />
    <text name="Manufacturer_Part_Number" originx="350" originy="150" style="Default" rotation="0" justify="left" flipped="False" hidden="False" data="TAJC226M010RNJ" />
  </component>
</quadcept_library>
